Chrom	Sequence	Sequence_PAM	Bio_primer	RED_primer
Chr1	ATCAACAGTAGTCAACAAGG	AGG	CAGTCCTTCTTATGGGTGCTTCTTC	CACTTGCAACTTTGAGGGTTGTCTC
Chr2	TCTGTGAACCAGTTAGGGTT	GGG	GCCACTAAACAGCACAGAGTAAGC	GAGCATGGCCTTGAACTTCTTGC
Chr3	GCTGGGCTTTGCTAGCCAGG	CGG	ATGTGCATATGTGCATTGGTGTGTG	GGTGTGTGCACTTACACCTGAAGAG
Chr4	AGACTTCTAGAAGTACCTGT	TGG	TGACCACATTACCTCCATAGTCAGG	GTGTCATGGCTCAGTGAGTTCTCTC
Chr5	ATAGTGAGTTAGGTCAGCCA	GGG	TGTCCATACTTGGGAATTCCCTGG	TGGTGGAGCGTGTCTTTAATCCC
Chr6	GAGGGTTGGAAATGCTCGTA	TGG	CTTGAACTCATCCTGGGATGCTAAG	TTCGGCTTCTGTTCTCTGAAAGAGC
Chr7	TGGTATGCAGTGGAGCACAT	GGG	CCAGAGTTTGTTGCACAAAGATAGG	GCAGTGGTGGTTTCTCTCTCCATAG
Chr8	GTCGACCATATGCTAATCTT	AGG	GAATCTGAGGGCATAATAAACATAT	TCCCAGTGTGTACTAGTATCAAGTTC
Chr9	GAGCCGGAGCTAATGCAATA	GGG	TAGACACCAGTCAGAGGCTCACAA	GTCTCTCCAGGCACAGTGTTCCGT
Chr10	CTTCAACAAGAACCTCAACG	AGG	TCCTAAACTAAACCCCACAGTGTGG	CACAGAAAACGGCAAGGACAACAC
Chr11	ATGACCCTTTAAGTACAAAG	TGG	GTAAGAGGGATGCTGAGCCAAGAC	ACCTTCATTCGTTCACATGTGTGGG
Chr13	TGAATGGGGTTTGCCCGCGA	AGG	GTGCTTCCTACTGAGCTATTGTTG	AGCAATCACGCAGCCAAACCACG
Chr14	GGCTTAGTTATAGTAGGGGC	TGG	GACTTATTTCTTGAAGAGTGTATGGTC	GTTGCACAAGCTACTCCTTCTC
Chr17	TCCAGGGGTTCCTAGGTGTA	AGG	CATGGTTTATTCCATCTGCCTAT	CACCAGACAATGTTTGGTTGAT
Chr18	CGTATGAGCCATTCGGTTAA	CGG	GGCTTCCCCTCCCCTTAATA	CAGATTCATAGGAAAATAAATTCTG
Chr19	GTAAACTTTAAGCCGTTCAT	AGG	GGAATGGCTGAGTAGGTGAC	GTCCTGTAGCACAGTAAGGC
ChrX	GGTTCCTCATCTATATAACG	GGG	GGCTCAGACAAGTGCATGTAGTC	ATTACAAATACAGGTTCTGCGGCC
